"","Latitude","Longitude","Pop","Annual Mean Temperature","Mean Diurnal Range (Mean of monthly (max temp - min temp))","Isothermality (BIO2/BIO7) (* 100)","Temperature Seasonality (standard deviation *100)","Max Temperature of Warmest Month","Min Temperature of Coldest Month","Temperature Annual Range (BIO5-BIO6)","Mean Temperature of Wettest Quarter","Mean Temperature of Driest Quarter"," Mean Temperature of Warmest Quarter"," Mean Temperature of Coldest Quarter"," Annual Precipitation"," Precipitation of Wettest Month"," Precipitation of Driest Month"," Precipitation Seasonality (Coefficient of Variation)"," Precipitation of Wettest Quarter"," Precipitation of Driest Quarter"," Precipitation of Warmest Quarter"," Precipitation of Coldest Quarter"
"8",45.275,32.5,"8",11.1683821994811,7.97303924585382,27.1029141118467,802.427682794019,25.8411750793457,-3.57647061347961,29.4176456928253,7.32156861573458,9.67549006144206,21.3578429222107,1.77549017220736,410,45,27,15.847974285006,113,82,111,109
"9",45.4,32.5,"9",10.9003962613642,7.88985166201989,26.9599984102321,801.978668237335,25.5153369903564,-3.7496931552887,29.2650301456451,7.05480572084586,9.37438651919365,21.0540901819865,1.52919225394726,418,46,27,15.6439060357967,117,83,111,112
"10",45.525,32.5,"10",11.0291665811092,7.83611114447316,26.8666660489923,798.496410849621,25.5666675567627,-3.59999990463257,29.1666674613953,3.64999999354283,9.39999988675117,21.1611110369364,1.7111111258467,399,45,25,17.5679454329743,113,77,105,109
"11",45.65,32.5,"11",11.0291665811092,7.83611114447316,26.8666660489923,798.496410849621,25.5666675567627,-3.59999990463257,29.1666674613953,3.64999999354283,9.39999988675117,21.1611110369364,1.7111111258467,399,45,25,17.5679454329743,113,77,105,109
"21",45.275,32.625,"21",11.1683821994811,7.97303924585382,27.1029141118467,802.427682794019,25.8411750793457,-3.57647061347961,29.4176456928253,7.32156861573458,9.67549006144206,21.3578429222107,1.77549017220736,410,45,27,15.847974285006,113,82,111,109
"22",45.4,32.625,"22",10.9003962613642,7.88985166201989,26.9599984102321,801.978668237335,25.5153369903564,-3.7496931552887,29.2650301456451,7.05480572084586,9.37438651919365,21.0540901819865,1.52919225394726,418,46,27,15.6439060357967,117,83,111,112
"23",45.525,32.625,"23",11.0291665811092,7.83611114447316,26.8666660489923,798.496410849621,25.5666675567627,-3.59999990463257,29.1666674613953,3.64999999354283,9.39999988675117,21.1611110369364,1.7111111258467,399,45,25,17.5679454329743,113,77,105,109
"24",45.65,32.625,"24",11.0291665811092,7.83611114447316,26.8666660489923,798.496410849621,25.5666675567627,-3.59999990463257,29.1666674613953,3.64999999354283,9.39999988675117,21.1611110369364,1.7111111258467,399,45,25,17.5679454329743,113,77,105,109
"34",45.275,32.75,"34",11.1999999949088,7.93333342298865,27.1689504780313,796.657790035715,25.8999996185303,-3.29999995231628,29.1999995708466,20.3000000317891,9.68333345651627,21.3333333333333,1.86666668206453,412,45,27,16.0704942406473,114,83,112,109
"35",45.4,32.75,"35",10.8300190928082,8.06762715925773,27.0987809666646,807.881575109512,25.5288181304932,-4.24236297607422,29.7711811065674,6.9140248944362,9.43126785755157,21.0781939824422,1.36561002830664,425,46,28,14.7857062785137,117,86,114,113
"36",45.525,32.75,"36",11.012231218939,7.7373656667769,26.3928631258201,804.430730878419,25.5204296112061,-3.79569888114929,29.3161284923553,7.15143372863531,9.51827952265739,21.1836918195089,1.57222225517035,403,44,26,15.9075968328675,112,80,106,108
"37",45.65,32.75,"37",11.012231218939,7.7373656667769,26.3928631258201,804.430730878419,25.5204296112061,-3.79569888114929,29.3161284923553,7.15143372863531,9.51827952265739,21.1836918195089,1.57222225517035,403,44,26,15.9075968328675,112,80,106,108
"48",45.4,32.875,"48",10.9274574667215,8.52317854762077,28.10514064496,809.217599910931,25.968563079834,-4.35748529434204,30.326048374176,21.2326842943827,9.55034923553467,21.2326842943827,1.4320857723554,424,46,29,14.2933092485506,115,88,115,112
"49",45.525,32.875,"49",10.9319065461556,8.32886353135109,27.6241988525931,812.014403931136,25.8233337402344,-4.32727289199829,30.1506066322327,20.2119696935018,9.53909077246984,21.2290406227112,1.4057070016861,407,44,27,14.9793856395126,112,84,110,107
"50",45.65,32.875,"50",10.9319065461556,8.32886353135109,27.6241988525931,812.014403931136,25.8233337402344,-4.32727289199829,30.1506066322327,20.2119696935018,9.53909077246984,21.2290406227112,1.4057070016861,407,44,27,14.9793856395126,112,84,110,107
"51",45.775,32.875,"51",10.9625000307957,8.40000022451083,27.7685949080624,813.776634443414,25.9500007629395,-4.30000019073486,30.2500009536743,3.26666655143102,9.53333314259847,21.2583336830139,1.39999987681707,388,43,26,15.6321347346943,107,80,104,104
"60",45.275,33,"60",11.2235137453924,8.1406921086212,27.1721879987214,802.006102823253,26.087718963623,-3.87192988395691,29.95964884758,3.70097471525272,9.72982474168142,21.4284601211548,1.7640351181229,415,46,29,14.89284599118,114,87,113,113
"61",45.4,33,"61",11.0890098412832,8.72006090482076,28.6022166834393,808.634620092225,26.2103939056396,-4.27696657180786,30.4873604774475,21.4093170166016,9.70655405521393,21.4093170166016,1.59035567442576,420,46,29,14.9822191658498,115,88,115,112
"62",45.525,33,"62",10.9417187323173,9.2054790755113,29.6355830421156,813.769644998655,26.4642505645752,-4.59800004959106,31.0622506141663,21.3256251017253,9.61862490574519,21.3256251017253,1.38895841439565,410,44,28,14.2352329973787,112,87,112,108
"63",45.65,33,"63",10.9417187323173,9.2054790755113,29.6355830421156,813.769644998655,26.4642505645752,-4.59800004959106,31.0622506141663,21.3256251017253,9.61862490574519,21.3256251017253,1.38895841439565,410,44,28,14.2352329973787,112,87,112,108
"64",45.775,33,"64",10.9528198639552,8.66978096961975,28.300854348304,816.937620413829,26.2525253295898,-4.38181829452515,30.634343624115,20.2594277064006,9.61565653483073,21.3114479382833,1.33316485087077,389,42,27,14.1204878307151,106,82,105,103
"73",45.275,33.125,"73",11.2235137453924,8.1406921086212,27.1721879987214,802.006102823253,26.087718963623,-3.87192988395691,29.95964884758,3.70097471525272,9.72982474168142,21.4284601211548,1.7640351181229,415,46,29,14.89284599118,114,87,113,113
"74",45.4,33.125,"74",11.0890098412832,8.72006090482076,28.6022166834393,808.634620092225,26.2103939056396,-4.27696657180786,30.4873604774475,21.4093170166016,9.70655405521393,21.4093170166016,1.59035567442576,420,46,29,14.9822191658498,115,88,115,112
"75",45.525,33.125,"75",10.9417187323173,9.2054790755113,29.6355830421156,813.769644998655,26.4642505645752,-4.59800004959106,31.0622506141663,21.3256251017253,9.61862490574519,21.3256251017253,1.38895841439565,410,44,28,14.2352329973787,112,87,112,108
"76",45.65,33.125,"76",10.9417187323173,9.2054790755113,29.6355830421156,813.769644998655,26.4642505645752,-4.59800004959106,31.0622506141663,21.3256251017253,9.61862490574519,21.3256251017253,1.38895841439565,410,44,28,14.2352329973787,112,87,112,108
"77",45.775,33.125,"77",10.9528198639552,8.66978096961975,28.300854348304,816.937620413829,26.2525253295898,-4.38181829452515,30.634343624115,20.2594277064006,9.61565653483073,21.3114479382833,1.33316485087077,389,42,27,14.1204878307151,106,82,105,103
"84",45.025,33.25,"84",11.4517361583809,7.30624988426765,24.7389955195147,801.93136062229,26.0249996185303,-3.50833320617676,29.533332824707,4.01527765393257,9.85416654249032,21.6291669209798,1.96944442391396,408,47,28,16.0703462839044,116,86,109,115
"85",45.15,33.25,"85",11.4517361583809,7.30624988426765,24.7389955195147,801.93136062229,26.0249996185303,-3.50833320617676,29.533332824707,4.01527765393257,9.85416654249032,21.6291669209798,1.96944442391396,408,47,28,16.0703462839044,116,86,109,115
"86",45.275,33.25,"86",11.2143091410398,8.53471492727598,28.3830712308992,793.783586936532,26.3318424224854,-3.73789477348328,30.0697371959686,21.355920791626,9.75978069504102,21.355920791626,1.86513154705365,424,47,29,15.1357190412135,117,89,117,115
"87",45.4,33.25,"87",11.1542089208961,9.16294387479623,29.7888484124234,802.822048104545,26.5822334289551,-4.17741107940674,30.7596445083618,21.4220388730367,9.74729283650716,21.4220388730367,1.75266493360202,425,46,30,14.3623857733542,118,91,118,113
"88",45.525,33.25,"88",10.9581874211629,9.31470807393392,29.9443315553006,811.331940553436,26.4564990997314,-4.65024995803833,31.1067490577698,21.2967913945516,9.66554150978724,21.2967913945516,1.4112082918485,415,44,30,13.0972540560885,114,91,114,109
"89",45.65,33.25,"89",10.9581874211629,9.31470807393392,29.9443315553006,811.331940553436,26.4564990997314,-4.65024995803833,31.1067490577698,21.2967913945516,9.66554150978724,21.2967913945516,1.4112082918485,415,44,30,13.0972540560885,114,91,114,109
"90",45.775,33.25,"90",10.9381702641646,8.84344198306402,28.5372386295329,821.042268951437,26.2917385101318,-4.69739151000977,30.9891300201416,21.3368838628133,9.66072475910187,21.3368838628133,1.23108700911204,393,42,27,13.5559419274848,107,85,107,103
"93",44.525,33.375,"93",11.9263753841321,7.14271864295006,25.9900376086799,756.06584574127,26.1398067474365,-1.34271848201752,27.482525229454,5.01844656467438,10.0132686694463,21.5186084111532,3.19822003444036,432,56,26,22.6417809012448,142,84,103,133
"94",44.65,33.375,"94",11.9263753841321,7.14271864295006,25.9900376086799,756.06584574127,26.1398067474365,-1.34271848201752,27.482525229454,5.01844656467438,10.0132686694463,21.5186084111532,3.19822003444036,432,56,26,22.6417809012448,142,84,103,133
"97",45.025,33.375,"97",11.4508332237601,6.44166667759418,22.0002279246623,807.411278933736,25.7399997711182,-3.53999996185303,29.2799997329712,3.82000003258387,10.010000060002,21.7099997202555,1.78999998172124,409,48,27,16.0992188934949,119,86,107,117
"98",45.15,33.375,"98",11.4508332237601,6.44166667759418,22.0002279246623,807.411278933736,25.7399997711182,-3.53999996185303,29.2799997329712,3.82000003258387,10.010000060002,21.7099997202555,1.78999998172124,409,48,27,16.0992188934949,119,86,107,117
"99",45.275,33.375,"99",11.3642711813251,8.30211182932059,27.7435049935099,796.814529051077,26.2940063476562,-3.63051772117615,29.9245240688324,3.95249782005946,9.94436876972516,21.5455950101217,1.99014538526535,431,48,30,14.7672527548869,118,92,117,118
"100",45.4,33.375,"100",11.1301874468724,9.40933335820834,30.618376325406,787.758876711571,26.4332504272461,-4.2977499961853,30.7310004234314,21.1714166005452,9.72579155365626,21.1714166005452,1.92529165744781,437,48,31,14.3453484625213,120,95,120,117
"101",45.525,33.375,"101",10.9804479777813,9.56847943862279,30.7159501886786,805.333964662657,26.4052505493164,-4.74625015258789,31.1515007019043,21.1826669375102,4.85216667254766,21.1826669375102,1.46445832649867,423,45,30,13.3145834367369,116,93,116,111
"102",45.65,33.375,"102",10.9804479777813,9.56847943862279,30.7159501886786,805.333964662657,26.4052505493164,-4.74625015258789,31.1515007019043,21.1826669375102,4.85216667254766,21.1826669375102,1.46445832649867,423,45,30,13.3145834367369,116,93,116,111
"103",45.775,33.375,"103",10.8661881585916,8.79110648234685,28.1306582265221,826.944486103254,26.2109241485596,-5.0400562286377,31.2509803771973,21.3263773918152,4.73169928789139,21.3263773918152,1.01694669326146,403,42,28,13.1331832589776,111,87,111,104
"104",45.9,33.375,"104",10.7971154575547,7.10576929152012,22.8368365216103,877.230615140472,25.7538452148438,-5.36153841018677,31.1153836250305,19.4602564175924,4.51666660110156,21.8179488182068,0.238461593786875,384,40,27,12.6601931604144,104,84,103,99
"105",44.4,33.5,"105",10.7345930015047,6.54748064776262,24.5566225123686,750.890455248802,24.1813945770264,-2.48139524459839,26.6627898216248,3.87674435973167,8.86666665474574,20.1627904574076,1.99418610334396,535,70,35,22.105887876694,175,109,128,137
"106",44.525,33.5,"106",11.6602385441462,7.09222380320231,25.3613383114303,765.225186714016,25.9588241577148,-2.00588226318359,27.9647064208984,4.49567739168803,9.8227274119854,21.331550916036,2.76434941093127,468,59,30,20.5603325052703,150,94,114,141
"107",44.65,33.5,"107",11.6602385441462,7.09222380320231,25.3613383114303,765.225186714016,25.9588241577148,-2.00588226318359,27.9647064208984,4.49567739168803,9.8227274119854,21.331550916036,2.76434941093127,468,59,30,20.5603325052703,150,94,114,141
"108",44.775,33.5,"108",11.590220650658,7.38548127685984,25.3703737862216,784.638063924605,26.0560131072998,-3.05463910102844,29.1106522083282,4.02857960512241,10.0173540810744,21.4534940719604,2.27829322467248,450,55,29,19.1350716820219,140,90,114,132
"109",44.9,33.5,"109",11.6088235645245,7.59183004125953,25.3066508018764,800.80968148515,26.522876739502,-3.47647047042847,29.9993472099304,3.86655770490567,10.1274508635203,21.6565361022949,1.99901957064867,437,52,28,17.9630609757855,132,88,115,125
"110",45.025,33.5,"110",11.5888580934455,7.66358008856575,25.9818266477442,799.565531869806,26.2407398223877,-3.2551851272583,29.495924949646,3.99351850897074,10.0487037748098,21.6604940096537,2.08012350151936,433,50,28,15.868646298243,126,90,115,122
"111",45.15,33.5,"111",11.5888580934455,7.66358008856575,25.9818266477442,799.565531869806,26.2407398223877,-3.2551851272583,29.495924949646,3.99351850897074,10.0487037748098,21.6604940096537,2.08012350151936,433,50,28,15.868646298243,126,90,115,122
"112",45.275,33.5,"112",11.5589479555686,8.81014594435692,29.2715322953795,786.548631818159,26.6102504730225,-3.48775005340576,30.0980005264282,4.28541679183642,10.0662500361602,21.5964166323344,2.35579175750415,440,50,29,15.6996057212799,125,92,119,123
"113",45.4,33.5,"113",11.2085207576553,9.58029169340928,31.1812780881318,781.549420232437,26.4729995727539,-4.25150012969971,30.7244997024536,3.92687506477038,9.84620825449626,21.1233747800191,2.03000008066495,450,50,31,14.4192534977776,125,97,122,122
"114",45.525,33.5,"114",10.95696867009,9.7659375568231,30.8450788314539,811.071388548508,26.4757499694824,-5.1855001449585,31.6612501144409,21.2083333333333,4.90233337879181,21.2083333333333,1.27937505642573,437,47,30,13.9320051966793,120,95,120,116
"115",45.65,33.5,"115",10.95696867009,9.7659375568231,30.8450788314539,811.071388548508,26.4757499694824,-5.1855001449585,31.6612501144409,21.2083333333333,4.90233337879181,21.2083333333333,1.27937505642573,437,47,30,13.9320051966793,120,95,120,116
"116",45.775,33.5,"116",10.8774166852236,9.06008316079775,28.3568462025378,838.2366513729,26.4417495727539,-5.50850009918213,31.950249671936,19.4023750623067,4.75949996709824,21.447208404541,0.827374895413717,407,42,29,12.7179566852726,113,89,111,104
"117",45.9,33.5,"117",10.7715544650952,7.68157061934471,24.1478506966141,883.035448020798,26.1644229888916,-5.64615392684937,31.810576915741,19.5232370694478,4.49583335717519,21.8666666348775,0.134455025196075,385,39,27,12.9182111500013,108,83,105,97
"118",44.4,33.625,"118",10.7345930015047,6.54748064776262,24.5566225123686,750.890455248802,24.1813945770264,-2.48139524459839,26.6627898216248,3.87674435973167,8.86666665474574,20.1627904574076,1.99418610334396,535,70,35,22.105887876694,175,109,128,137
"119",44.525,33.625,"119",11.6602385441462,7.09222380320231,25.3613383114303,765.225186714016,25.9588241577148,-2.00588226318359,27.9647064208984,4.49567739168803,9.8227274119854,21.331550916036,2.76434941093127,468,59,30,20.5603325052703,150,94,114,141
"120",44.65,33.625,"120",11.6602385441462,7.09222380320231,25.3613383114303,765.225186714016,25.9588241577148,-2.00588226318359,27.9647064208984,4.49567739168803,9.8227274119854,21.331550916036,2.76434941093127,468,59,30,20.5603325052703,150,94,114,141
"121",44.775,33.625,"121",11.590220650658,7.38548127685984,25.3703737862216,784.638063924605,26.0560131072998,-3.05463910102844,29.1106522083282,4.02857960512241,10.0173540810744,21.4534940719604,2.27829322467248,450,55,29,19.1350716820219,140,90,114,132
"122",44.9,33.625,"122",11.6088235645245,7.59183004125953,25.3066508018764,800.80968148515,26.522876739502,-3.47647047042847,29.9993472099304,3.86655770490567,10.1274508635203,21.6565361022949,1.99901957064867,437,52,28,17.9630609757855,132,88,115,125
"123",45.025,33.625,"123",11.5888580934455,7.66358008856575,25.9818266477442,799.565531869806,26.2407398223877,-3.2551851272583,29.495924949646,3.99351850897074,10.0487037748098,21.6604940096537,2.08012350151936,433,50,28,15.868646298243,126,90,115,122
"124",45.15,33.625,"124",11.5888580934455,7.66358008856575,25.9818266477442,799.565531869806,26.2407398223877,-3.2551851272583,29.495924949646,3.99351850897074,10.0487037748098,21.6604940096537,2.08012350151936,433,50,28,15.868646298243,126,90,115,122
"125",45.275,33.625,"125",11.5589479555686,8.81014594435692,29.2715322953795,786.548631818159,26.6102504730225,-3.48775005340576,30.0980005264282,4.28541679183642,10.0662500361602,21.5964166323344,2.35579175750415,440,50,29,15.6996057212799,125,92,119,123
"126",45.4,33.625,"126",11.2085207576553,9.58029169340928,31.1812780881318,781.549420232437,26.4729995727539,-4.25150012969971,30.7244997024536,3.92687506477038,9.84620825449626,21.1233747800191,2.03000008066495,450,50,31,14.4192534977776,125,97,122,122
"127",45.525,33.625,"127",10.95696867009,9.7659375568231,30.8450788314539,811.071388548508,26.4757499694824,-5.1855001449585,31.6612501144409,21.2083333333333,4.90233337879181,21.2083333333333,1.27937505642573,437,47,30,13.9320051966793,120,95,120,116
"128",45.65,33.625,"128",10.95696867009,9.7659375568231,30.8450788314539,811.071388548508,26.4757499694824,-5.1855001449585,31.6612501144409,21.2083333333333,4.90233337879181,21.2083333333333,1.27937505642573,437,47,30,13.9320051966793,120,95,120,116
"129",45.775,33.625,"129",10.8774166852236,9.06008316079775,28.3568462025378,838.2366513729,26.4417495727539,-5.50850009918213,31.950249671936,19.4023750623067,4.75949996709824,21.447208404541,0.827374895413717,407,42,29,12.7179566852726,113,89,111,104
"130",45.9,33.625,"130",10.7715544650952,7.68157061934471,24.1478506966141,883.035448020798,26.1644229888916,-5.64615392684937,31.810576915741,19.5232370694478,4.49583335717519,21.8666666348775,0.134455025196075,385,39,27,12.9182111500013,108,83,105,97
"131",44.4,33.75,"131",10.3163367975503,6.70892388249437,24.7508490523794,757.871629415028,23.5754165649414,-3.53041672706604,27.1058332920074,3.08194455256065,8.75847222407659,19.7725691795349,1.43555562446515,566,75,37,22.4450851394488,185,116,135,179
"132",44.525,33.75,"132",10.7316354202727,7.25068742285172,25.2934639381741,781.512965881715,24.6577491760254,-4.00850009918213,28.6662492752075,3.10991661250591,9.25929175813993,20.4829584757487,1.4564165721337,529,67,36,20.0068601565055,167,110,132,161
"133",44.65,33.75,"133",10.7316354202727,7.25068742285172,25.2934639381741,781.512965881715,24.6577491760254,-4.00850009918213,28.6662492752075,3.10991661250591,9.25929175813993,20.4829584757487,1.4564165721337,529,67,36,20.0068601565055,167,110,132,161
"134",44.775,33.75,"134",11.3095312155783,8.12410425394773,26.7372196569067,795.847198166437,26.4372501373291,-3.94775009155273,30.3850002288818,3.49633327126503,9.76954192419847,21.2776246070862,1.84770833452543,485,58,32,17.6366759702057,147,100,127,139
"135",44.9,33.75,"135",11.329760350287,8.53089571495851,27.9250576685354,787.370757050932,26.3472499847412,-4.2020001411438,30.549250125885,3.71033336718877,9.87741662065188,21.1878747940063,1.95291668176651,467,54,30,16.8380258416027,137,96,126,130
"136",45.025,33.75,"136",11.4139585023125,8.86716669301192,29.2493723149557,780.033386659396,26.5790004730225,-3.73674988746643,30.3157503604889,4.03891671697299,9.95258339246114,21.2692089080811,2.1708750029405,464,53,30,15.810830018678,135,97,124,129
"137",45.15,33.75,"137",11.4139585023125,8.86716669301192,29.2493723149557,780.033386659396,26.5790004730225,-3.73674988746643,30.3157503604889,4.03891671697299,9.95258339246114,21.2692089080811,2.1708750029405,464,53,30,15.810830018678,135,97,124,129
"138",45.275,33.75,"138",11.5650731027126,9.67735455433528,31.6682897115937,762.651246329573,26.9362506866455,-3.62225008010864,30.5585007667542,4.61812507112821,10.0674583216508,21.282083829244,2.69370837012927,466,54,30,16.3340763982788,136,96,125,131
"139",45.4,33.75,"139",11.2826458712419,9.89429146051407,31.7066287878151,780.801643031249,26.617000579834,-4.58874988555908,31.2057504653931,3.94208327929179,9.97933344046275,21.117125193278,2.03524998823802,468,54,31,15.739354266528,136,99,124,132
"140",45.525,33.75,"140",10.9397500952085,9.79066654046377,30.2001640414668,816.816339654591,26.410249710083,-6.00899982452393,32.4192495346069,3.07320833206177,4.90895835558573,21.1815835634867,1.12779168287913,451,50,30,14.8047379741042,127,97,121,123
"141",45.65,33.75,"141",10.9397500952085,9.79066654046377,30.2001640414668,816.816339654591,26.410249710083,-6.00899982452393,32.4192495346069,3.07320833206177,4.90895835558573,21.1815835634867,1.12779168287913,451,50,30,14.8047379741042,127,97,121,123
"142",45.775,33.75,"142",10.8532916953166,9.32158314188321,28.5281812502004,846.918216263531,26.6217498779297,-6.05324983596802,32.6749997138977,19.3964999516805,4.7747082511584,21.4571251869202,0.606833338737488,414,42,29,12.9086639294531,117,89,114,105
"143",45.9,33.75,"143",10.7773134658734,7.9804506401221,24.8562641251884,883.213199157644,26.3491287231445,-5.75726747512817,32.1063961982727,19.5683623949687,4.48812997341156,21.8748545646667,0.139195740222931,384,39,27,12.1212121212121,110,84,105,95
"144",44.4,33.875,"144",8.63212102651596,7.07872279485067,26.6392390992955,732.706485218147,21.7315578460693,-4.84098339080811,26.5725412368774,1.79719952742259,17.1331968307495,17.8089485168457,0.014344334602356,710,101,45,26.845001492702,242,145,158,240
"145",44.525,33.875,"145",9.6790521889925,7.84235422809919,27.5460284014508,765.330967586713,23.4897499084473,-4.98024988174438,28.4699997901917,2.24199996391932,8.45870840549469,19.249958674113,0.564916670322418,599,77,40,20.6912488717006,190,127,148,185
"146",44.65,33.875,"146",9.6790521889925,7.84235422809919,27.5460284014508,765.330967586713,23.4897499084473,-4.98024988174438,28.4699997901917,2.24199996391932,8.45870840549469,19.249958674113,0.564916670322418,599,77,40,20.6912488717006,190,127,148,185
"147",44.775,33.875,"147",10.8045624916752,8.48383346696695,28.4279803752339,788.160945569616,25.6237506866455,-4.21950006484985,29.8432507514954,3.13824997345606,9.35654174288114,20.7037081718445,1.4787915746371,535,63,36,16.7976828566315,159,114,142,152
"148",44.9,33.875,"148",11.2702500571807,9.13899998863538,30.1908607312838,775.562410170939,26.5034999847412,-3.76725006103516,30.2707500457764,3.861208319664,5.36762501796087,21.0260833104451,2.17279167970022,503,55,34,15.3747353890016,143,107,140,134
"149",45.025,33.875,"149",11.5252916271177,9.31420837746312,31.5762647568978,750.885974277695,26.4324989318848,-3.06500005722046,29.4974989891052,4.69966665096581,9.89045829574267,21.0432915687561,2.86991658993065,491,55,32,15.9375223479824,142,103,135,134
"150",45.15,33.875,"150",11.5252916271177,9.31420837746312,31.5762647568978,750.885974277695,26.4324989318848,-3.06500005722046,29.4974989891052,4.69966665096581,9.89045829574267,21.0432915687561,2.86991658993065,491,55,32,15.9375223479824,142,103,135,134
"151",45.275,33.875,"151",11.6505936253816,9.92485382780433,32.5213123304682,743.948869848021,26.8937492370605,-3.62424993515015,30.5179991722107,5.04600010067225,10.0746248662472,21.1582913398743,3.07670836647352,497,59,31,17.6555142936432,150,102,130,119
"152",45.4,33.875,"152",11.5725727632331,10.1832708210374,33.1244066681295,756.3110746969,26.763500213623,-3.97900009155273,30.7425003051758,4.6640832045426,10.1709581414858,21.1294997533162,2.71341653851171,489,60,31,18.9736281649759,151,102,125,144
"153",45.525,33.875,"153",11.0083021273216,9.98822896679243,30.3951588418502,814.395064443192,26.5567493438721,-6.30450010299683,32.8612494468689,3.1168749332428,5.07549999157588,21.1640003522237,1.12820827960968,466,54,30,16.8179829848106,137,100,122,132
"154",45.65,33.875,"154",11.0083021273216,9.98822896679243,30.3951588418502,814.395064443192,26.5567493438721,-6.30450010299683,32.8612494468689,3.1168749332428,5.07549999157588,21.1640003522237,1.12820827960968,466,54,30,16.8179829848106,137,100,122,132
"155",45.775,33.875,"155",10.7767812212308,9.7672293583552,29.2418877987669,850.480742153186,26.5750007629395,-6.82649993896484,33.4015007019043,19.3419583638509,4.7506248553594,21.3348333040873,0.414000034332275,423,45,29,14.3643464985252,121,91,116,110
"156",45.9,33.875,"156",10.6906353781621,8.71889580289523,26.3925043962008,884.233770288409,26.3752498626709,-6.66025018692017,33.0355000495911,19.5152498881022,4.43891674280167,21.720249970754,-0.0324166615804036,390,42,27,13.7972578766743,115,84,109,96
"157",44.4,34,"157",8.99395717928807,6.53986379007498,25.3098726451651,725.79585894321,21.83567237854,-4.00350856781006,25.8391809463501,2.36023389299711,17.4954191843669,18.1015596389771,0.550487359364828,737,106,46,27.3726978147393,252,148,160,198
"158",44.525,34,"158",8.4765207717816,7.68370828032494,28.0447782562741,741.252515781292,21.8159999847412,-5.58199977874756,27.3979997634888,1.4931250611941,16.9959583282471,17.7689166069031,-0.301958322525024,703,95,47,23.4360315281122,230,148,164,228
"159",44.65,34,"159",8.4765207717816,7.68370828032494,28.0447782562741,741.252515781292,21.8159999847412,-5.58199977874756,27.3979997634888,1.4931250611941,16.9959583282471,17.7689166069031,-0.301958322525024,703,95,47,23.4360315281122,230,148,164,228
"160",44.775,34,"160",9.82053110996882,8.42797911167145,29.2877150628598,761.955583575108,23.8697490692139,-4.90675020217896,28.7764992713928,2.55250000953674,8.51045823097229,19.3706661860148,0.853166659673055,586,70,40,17.2374323555483,176,128,153,170
"161",44.9,34,"161",11.0138646252453,8.84235431998968,29.8584435632882,775.931855377657,25.992000579834,-3.62225008010864,29.6142506599426,3.75674997270107,4.95583336551984,20.8340417544047,2.05112495521704,544,60,37,15.2149807964372,155,117,150,147
"162",45.025,34,"162",11.6939790323377,9.41524965067705,31.7495510656587,742.916633886658,26.6304988861084,-3.02425003051758,29.654748916626,5.08591667811076,5.54879159728686,21.171541372935,3.17770833770434,519,59,34,16.3567061493636,152,110,141,121
"163",45.15,34,"163",11.6939790323377,9.41524965067705,31.7495510656587,742.916633886658,26.6304988861084,-3.02425003051758,29.654748916626,5.08591667811076,5.54879159728686,21.171541372935,3.17770833770434,519,59,34,16.3567061493636,152,110,141,121
"164",45.275,34,"164",11.7825834229589,10.2017916291952,33.3310196591283,732.326649582543,26.8937492370605,-3.71375012397766,30.6074993610382,5.45108325282733,10.0994168122609,21.1318333943685,3.21508328119914,521,64,33,19.5910841764077,164,108,132,127
"165",45.4,34,"165",12.031083283325,10.4425834467014,33.807077276074,744.957279869131,27.2057495117188,-3.68300008773804,30.8887495994568,5.46574997901917,10.3590832451979,21.4637915293376,3.36437502503395,522,70,32,24.3259665442334,175,105,124,132
"166",45.525,34,"166",11.195802072684,10.449979186058,31.8810764078814,803.236448941442,26.816499710083,-5.96150016784668,32.7779998779297,3.45579157272975,5.2867084145546,21.2308750152588,1.52737488349279,478,58,30,19.7258864910288,147,102,122,142
"167",45.65,34,"167",11.195802072684,10.449979186058,31.8810764078814,803.236448941442,26.816499710083,-5.96150016784668,32.7779998779297,3.45579157272975,5.2867084145546,21.2308750152588,1.52737488349279,478,58,30,19.7258864910288,147,102,122,142
"168",45.775,34,"168",10.7186874945958,10.1307915846507,30.0231658273643,850.783412858332,26.4634990692139,-7.27974987030029,33.7432489395142,19.3168748219808,4.65304168065389,21.2461252212524,0.338541666666667,424,47,28,15.628187059712,124,92,116,112
"169",45.9,34,"169",10.544270892938,8.93312497933706,26.9870692044259,876.258761683165,25.8940010070801,-7.20749998092651,33.1015009880066,19.3958334922791,4.3499166170756,21.401208559672,-0.147500038146973,398,44,28,14.8629562502952,119,87,110,99
"170",44.4,34.125,"170",8.99395717928807,6.53986379007498,25.3098726451651,725.79585894321,21.83567237854,-4.00350856781006,25.8391809463501,2.36023389299711,17.4954191843669,18.1015596389771,0.550487359364828,737,106,46,27.3726978147393,252,148,160,198
"171",44.525,34.125,"171",8.4765207717816,7.68370828032494,28.0447782562741,741.252515781292,21.8159999847412,-5.58199977874756,27.3979997634888,1.4931250611941,16.9959583282471,17.7689166069031,-0.301958322525024,703,95,47,23.4360315281122,230,148,164,228
"172",44.65,34.125,"172",8.4765207717816,7.68370828032494,28.0447782562741,741.252515781292,21.8159999847412,-5.58199977874756,27.3979997634888,1.4931250611941,16.9959583282471,17.7689166069031,-0.301958322525024,703,95,47,23.4360315281122,230,148,164,228
"173",44.775,34.125,"173",9.82053110996882,8.42797911167145,29.2877150628598,761.955583575108,23.8697490692139,-4.90675020217896,28.7764992713928,2.55250000953674,8.51045823097229,19.3706661860148,0.853166659673055,586,70,40,17.2374323555483,176,128,153,170
"174",44.9,34.125,"174",11.0138646252453,8.84235431998968,29.8584435632882,775.931855377657,25.992000579834,-3.62225008010864,29.6142506599426,3.75674997270107,4.95583336551984,20.8340417544047,2.05112495521704,544,60,37,15.2149807964372,155,117,150,147
"175",45.025,34.125,"175",11.6939790323377,9.41524965067705,31.7495510656587,742.916633886658,26.6304988861084,-3.02425003051758,29.654748916626,5.08591667811076,5.54879159728686,21.171541372935,3.17770833770434,519,59,34,16.3567061493636,152,110,141,121
"176",45.15,34.125,"176",11.6939790323377,9.41524965067705,31.7495510656587,742.916633886658,26.6304988861084,-3.02425003051758,29.654748916626,5.08591667811076,5.54879159728686,21.171541372935,3.17770833770434,519,59,34,16.3567061493636,152,110,141,121
"177",45.275,34.125,"177",11.7825834229589,10.2017916291952,33.3310196591283,732.326649582543,26.8937492370605,-3.71375012397766,30.6074993610382,5.45108325282733,10.0994168122609,21.1318333943685,3.21508328119914,521,64,33,19.5910841764077,164,108,132,127
"178",45.4,34.125,"178",12.031083283325,10.4425834467014,33.807077276074,744.957279869131,27.2057495117188,-3.68300008773804,30.8887495994568,5.46574997901917,10.3590832451979,21.4637915293376,3.36437502503395,522,70,32,24.3259665442334,175,105,124,132
"179",45.525,34.125,"179",11.195802072684,10.449979186058,31.8810764078814,803.236448941442,26.816499710083,-5.96150016784668,32.7779998779297,3.45579157272975,5.2867084145546,21.2308750152588,1.52737488349279,478,58,30,19.7258864910288,147,102,122,142
"180",45.65,34.125,"180",11.195802072684,10.449979186058,31.8810764078814,803.236448941442,26.816499710083,-5.96150016784668,32.7779998779297,3.45579157272975,5.2867084145546,21.2308750152588,1.52737488349279,478,58,30,19.7258864910288,147,102,122,142
"181",45.775,34.125,"181",10.7186874945958,10.1307915846507,30.0231658273643,850.783412858332,26.4634990692139,-7.27974987030029,33.7432489395142,19.3168748219808,4.65304168065389,21.2461252212524,0.338541666666667,424,47,28,15.628187059712,124,92,116,112
"182",45.9,34.125,"182",10.544270892938,8.93312497933706,26.9870692044259,876.258761683165,25.8940010070801,-7.20749998092651,33.1015009880066,19.3958334922791,4.3499166170756,21.401208559672,-0.147500038146973,398,44,28,14.8629562502952,119,87,110,99
"183",44.4,34.25,"183",12.8750000037253,7.14999992897113,26.5799246297036,741.630573322493,26.7000007629395,-0.200000002980232,26.9000007659197,6.11666660259167,10.8666666348775,22.3999999364217,4.46666671335697,566,80,34,26.1689541660193,189,113,131,187
"184",44.525,34.25,"184",7.98712228238583,6.81985365351041,25.975488568016,726.628625196734,20.9067993164062,-5.34815883636475,26.254958152771,1.3863550623258,16.4660058021545,17.1233239173889,-0.468460857868195,775,108,50,24.9232002547151,257,158,173,256
"185",44.65,34.25,"185",7.98712228238583,6.81985365351041,25.975488568016,726.628625196734,20.9067993164062,-5.34815883636475,26.254958152771,1.3863550623258,16.4660058021545,17.1233239173889,-0.468460857868195,775,108,50,24.9232002547151,257,158,173,256
"186",44.775,34.25,"186",8.34564586480459,7.98691670099894,28.9651273812085,737.542360732481,21.7670001983643,-5.80725002288818,27.5742502212524,1.5327916542689,13.5445416768392,17.6511251131694,-0.262666702270508,692,90,47,21.0192369226721,219,148,168,216
"187",44.9,34.25,"187",10.0812394743164,8.84681262075901,30.2163302080554,761.975468122892,24.4382495880127,-4.84000015258789,29.2782497406006,3.21779164671898,3.9708749850591,19.7574996948242,1.30799996852875,588,69,40,16.9919767162997,175,129,155,142
"188",45.025,34.25,"188",11.402864577792,9.62927070772275,31.6242589061184,766.324476028139,26.8465003967285,-3.60249996185303,30.4490003585815,4.45683332253247,5.21312504013379,21.1559584935506,2.65366674462954,542,63,36,16.9762352830479,162,117,143,130
"189",45.15,34.25,"189",11.402864577792,9.62927070772275,31.6242589061184,766.324476028139,26.8465003967285,-3.60249996185303,30.4490003585815,4.45683332253247,5.21312504013379,21.1559584935506,2.65366674462954,542,63,36,16.9762352830479,162,117,143,130
"190",45.275,34.25,"190",11.6803022176027,10.5661041835944,34.2191517497942,742.2788133348,26.9787502288818,-3.8989999294281,30.8777501583099,5.18104167779287,9.95654167731603,21.1186671257019,2.92312504847844,524,65,33,20.3704129871691,166,110,132,129
"191",45.4,34.25,"191",11.758999829491,10.6304580271244,34.2528516007741,753.241793339706,27.0282497406006,-4.00699996948242,31.035249710083,5.06512508789698,10.1444164911906,21.3489580154419,2.85137498378754,517,68,32,23.8201621382257,172,107,124,131
"192",45.525,34.25,"192",11.243041579922,10.4480831921101,32.8535407220081,788.72778411809,26.5820007324219,-5.21999979019165,31.8020005226135,3.79412492116292,16.6355001131694,21.2093750635783,1.92545839150747,466,54,30,19.4115369132348,140,97,119,136
"193",45.65,34.25,"193",11.243041579922,10.4480831921101,32.8535407220081,788.72778411809,26.5820007324219,-5.21999979019165,31.8020005226135,3.79412492116292,16.6355001131694,21.2093750635783,1.92545839150747,466,54,30,19.4115369132348,140,97,119,136
"194",45.775,34.25,"194",10.6448646287123,10.2074378530184,30.1046635624753,851.407819465416,26.2840003967285,-7.62249994277954,33.9065003395081,19.2877917289734,16.3838331699371,21.2089165051778,0.291541735331217,419,49,27,18.1395839362046,128,90,115,108
"195",45.9,34.25,"195",10.4390624761581,9.71883312861125,28.6991779458542,873.665863830548,26.0069999694824,-7.85750007629395,33.8645000457764,19.2766666412354,4.27224985758464,21.2554998397827,-0.231333374977112,396,46,26,17.3776222559058,122,87,111,99
"197",44.525,34.375,"197",11.4093750665585,6.84814827640851,25.6245018430878,746.444865517398,25.2319450378418,-1.49305558204651,26.7250006198883,4.68634261687597,9.3872686624527,20.9578704833984,2.90462964773178,614,78,40,19.7670393587962,192,130,148,155
"198",44.65,34.375,"198",11.4093750665585,6.84814827640851,25.6245018430878,746.444865517398,25.2319450378418,-1.49305558204651,26.7250006198883,4.68634261687597,9.3872686624527,20.9578704833984,2.90462964773178,614,78,40,19.7670393587962,192,130,148,155
"199",44.775,34.375,"199",9.17023131748041,7.52530695001284,27.0780031086796,753.22894803425,22.7937679290771,-4.99745035171509,27.7912182807922,2.15524079402288,17.961945215861,18.6473088264465,0.31430592139562,671,85,46,19.223981808001,208,147,163,205
"200",44.9,34.375,"200",8.34790616730849,8.19956236084302,28.4445302545861,760.971772749017,22.02174949646,-6.80474996566772,28.8264994621277,1.31362499793371,13.657541513443,17.868833065033,-0.718249956766764,667,83,45,18.8011870339311,205,143,166,200
"201",45.025,34.375,"201",10.9445728386442,9.65322893361251,30.3257868947,803.044052982438,26.706750869751,-5.125,31.831750869751,3.39766664306323,4.80629160006841,21.0735834439596,1.55383339524269,546,63,37,16.7711855337393,162,118,144,155
"202",45.15,34.375,"202",10.9445728386442,9.65322893361251,30.3257868947,803.044052982438,26.706750869751,-5.125,31.831750869751,3.39766664306323,4.80629160006841,21.0735834439596,1.55383339524269,546,63,37,16.7711855337393,162,118,144,155
"203",45.275,34.375,"203",11.3455728646368,10.3778957612813,33.1527742827419,766.371277356819,26.7814998626709,-4.52174997329712,31.303249835968,4.3707915370663,5.22020820776622,21.0712083180745,2.29149989287058,507,59,33,18.1020609643071,153,109,133,123
"204",45.4,34.375,"204",11.2997292152916,10.9275416787714,33.715274174721,778.310332149706,26.9724998474121,-5.43874979019165,32.4112496376038,4.12808353578051,16.8402917385101,21.1824167569478,2.07620839277903,476,55,31,18.7956768156027,143,101,124,117
"205",45.525,34.375,"205",11.0013750493526,10.5804583032926,32.2088871950227,812.841896278047,26.6049995422363,-6.24450016021729,32.8494997024536,19.164458433787,16.6465416749318,21.2573335965474,1.372416694959,440,50,27,19.4873021807344,129,91,116,122
"206",45.65,34.375,"206",11.0013750493526,10.5804583032926,32.2088871950227,812.841896278047,26.6049995422363,-6.24450016021729,32.8494997024536,19.164458433787,16.6465416749318,21.2573335965474,1.372416694959,440,50,27,19.4873021807344,129,91,116,122
"207",45.775,34.375,"207",10.682291785876,9.71195856730143,29.0179905304799,859.882495867816,26.2297496795654,-7.23899984359741,33.4687495231628,19.3183336257935,16.575208346049,21.4825000762939,0.352625052134196,406,49,24,21.1964717193219,126,84,110,105
"208",45.9,34.375,"208",10.409218788147,8.79722913106283,26.339008923203,888.855904485333,25.8042507171631,-7.5957498550415,33.4000005722046,19.3788334528605,16.3937498728434,21.5069168408712,-0.380749980608622,388,46,24,18.4637236468999,120,83,108,96
"212",44.775,34.5,"212",11.2379309486908,7.80057474939774,26.9781956587987,776.795953659561,25.9304599761963,-2.98390793800354,28.9143679141998,3.92595789457361,9.41954009172817,21.1153254508972,2.27356324220697,565,68,37,17.3426776628047,170,124,144,165
"213",44.9,34.5,"213",8.59806242585182,7.67874985933304,27.236612694099,759.569465005494,22.1542491912842,-6.03849983215332,28.1927490234375,1.56387503941854,13.962958017985,18.126707871755,-0.368083298206329,657,80,46,17.6929970033429,198,144,164,194
"214",45.025,34.5,"214",11.1002187244594,9.19752106815577,29.2472251869809,808.492979105258,26.517749786377,-4.92974996566772,31.4474997520447,3.4926666667064,4.93958324193954,21.3477916717529,1.69916664063931,527,59,36,15.4671151147537,152,116,140,147
"215",45.15,34.5,"215",11.1002187244594,9.19752106815577,29.2472251869809,808.492979105258,26.517749786377,-4.92974996566772,31.4474997520447,3.4926666667064,4.93958324193954,21.3477916717529,1.69916664063931,527,59,36,15.4671151147537,152,116,140,147
"216",45.275,34.5,"216",11.1657916593055,10.4719167773922,32.0313125615337,793.814343787797,26.8759994506836,-5.81675004959106,32.6927495002747,3.74770829578241,5.04783342281977,21.189458211263,1.79995844761531,482,52,33,15.9402220224963,137,105,131,115
"217",45.4,34.5,"217",11.0003332470854,11.0741249372562,33.1208601788812,801.039079288667,26.8072490692139,-6.62825012207031,33.4354991912842,18.7204998334249,16.9072083632151,21.102125008901,1.55041658878326,443,50,29,16.5453386121949,128,96,122,105
"218",45.525,34.5,"218",10.7404166311026,10.6009168922901,31.3643548399748,831.543412680608,26.4365005493164,-7.36275005340576,33.7992506027222,18.8644998868306,16.7340416113536,21.2112914721171,0.764916638533274,418,50,25,19.1443906817877,128,87,117,108
"219",45.65,34.5,"219",10.7404166311026,10.6009168922901,31.3643548399748,831.543412680608,26.4365005493164,-7.36275005340576,33.7992506027222,18.8644998868306,16.7340416113536,21.2112914721171,0.764916638533274,418,50,25,19.1443906817877,128,87,117,108
"220",45.775,34.5,"220",10.5666145086288,9.58452073733012,28.3274468488699,869.963348380841,26.0947494506836,-7.74000024795532,33.8347496986389,19.124583085378,16.7052499453227,21.4899581273397,0.0392499764760335,396,47,25,18.3890362182347,121,84,109,101
"221",45.9,34.5,"221",10.4601353953282,7.93556242187818,24.1028507546554,907.474256173814,25.8190002441406,-7.10475015640259,32.9237504005432,19.4568335215251,16.7132498423258,21.77241675059,-0.556791722774506,379,45,24,17.5797062907183,115,82,105,94
"225",44.775,34.625,"225",11.2379309486908,7.80057474939774,26.9781956587987,776.795953659561,25.9304599761963,-2.98390793800354,28.9143679141998,3.92595789457361,9.41954009172817,21.1153254508972,2.27356324220697,565,68,37,17.3426776628047,170,124,144,165
"226",44.9,34.625,"226",8.59806242585182,7.67874985933304,27.236612694099,759.569465005494,22.1542491912842,-6.03849983215332,28.1927490234375,1.56387503941854,13.962958017985,18.126707871755,-0.368083298206329,657,80,46,17.6929970033429,198,144,164,194
"227",45.025,34.625,"227",11.1002187244594,9.19752106815577,29.2472251869809,808.492979105258,26.517749786377,-4.92974996566772,31.4474997520447,3.4926666667064,4.93958324193954,21.3477916717529,1.69916664063931,527,59,36,15.4671151147537,152,116,140,147
"228",45.15,34.625,"228",11.1002187244594,9.19752106815577,29.2472251869809,808.492979105258,26.517749786377,-4.92974996566772,31.4474997520447,3.4926666667064,4.93958324193954,21.3477916717529,1.69916664063931,527,59,36,15.4671151147537,152,116,140,147
"229",45.275,34.625,"229",11.1657916593055,10.4719167773922,32.0313125615337,793.814343787797,26.8759994506836,-5.81675004959106,32.6927495002747,3.74770829578241,5.04783342281977,21.189458211263,1.79995844761531,482,52,33,15.9402220224963,137,105,131,115
"230",45.4,34.625,"230",11.0003332470854,11.0741249372562,33.1208601788812,801.039079288667,26.8072490692139,-6.62825012207031,33.4354991912842,18.7204998334249,16.9072083632151,21.102125008901,1.55041658878326,443,50,29,16.5453386121949,128,96,122,105
"231",45.525,34.625,"231",10.7404166311026,10.6009168922901,31.3643548399748,831.543412680608,26.4365005493164,-7.36275005340576,33.7992506027222,18.8644998868306,16.7340416113536,21.2112914721171,0.764916638533274,418,50,25,19.1443906817877,128,87,117,108
"232",45.65,34.625,"232",10.7404166311026,10.6009168922901,31.3643548399748,831.543412680608,26.4365005493164,-7.36275005340576,33.7992506027222,18.8644998868306,16.7340416113536,21.2112914721171,0.764916638533274,418,50,25,19.1443906817877,128,87,117,108
"233",45.775,34.625,"233",10.5666145086288,9.58452073733012,28.3274468488699,869.963348380841,26.0947494506836,-7.74000024795532,33.8347496986389,19.124583085378,16.7052499453227,21.4899581273397,0.0392499764760335,396,47,25,18.3890362182347,121,84,109,101
"234",45.9,34.625,"234",10.4601353953282,7.93556242187818,24.1028507546554,907.474256173814,25.8190002441406,-7.10475015640259,32.9237504005432,19.4568335215251,16.7132498423258,21.77241675059,-0.556791722774506,379,45,24,17.5797062907183,115,82,105,94
"238",44.775,34.75,"238",11.8008040438096,7.73786563674609,27.2544237343604,764.848718803539,26.554386138916,-1.83684206008911,28.3912281990051,4.7380116134882,5.70906432966391,21.639181137085,3.09210517505805,525,62,34,17.3911871556859,155,115,138,150
"239",44.9,34.75,"239",9.68377084533373,7.7250000834465,27.2590133103342,764.528188694217,23.523250579834,-4.81599998474121,28.3392505645752,2.55920839309692,3.78074999650319,19.339250087738,0.790749986966451,594,70,42,16.3618440070416,175,133,152,171
"240",45.025,34.75,"240",10.6586354623238,8.98414579033852,29.0009945064697,805.925559989929,25.6792507171631,-5.29949998855591,30.978750705719,3.03762505451838,4.54929172992706,20.8387916882833,1.26900007327398,529,59,36,15.3517753398669,151,117,141,147
"241",45.15,34.75,"241",10.6586354623238,8.98414579033852,29.0009945064697,805.925559989929,25.6792507171631,-5.29949998855591,30.978750705719,3.03762505451838,4.54929172992706,20.8387916882833,1.26900007327398,529,59,36,15.3517753398669,151,117,141,147
"242",45.275,34.75,"242",11.0936458110809,10.5330416361491,31.6842758559134,809.592746289999,26.8322505950928,-6.41149997711182,33.2437505722046,18.802250067393,4.99854159355164,21.273375193278,1.58445831139882,461,50,31,15.1626108269777,129,100,128,122
"243",45.4,34.75,"243",10.8637186487516,10.8927288452784,31.9294418015845,823.886003622422,26.4804992675781,-7.63450002670288,34.114999294281,18.6274580955505,11.9856666723887,21.1369163195292,1.05304169654846,420,49,27,16.6666666666667,125,91,121,107
"244",45.525,34.75,"244",10.670302088062,10.5280624727408,30.6139550812428,846.001979357003,26.3684997558594,-8.02124977111816,34.3897495269775,18.7928334871928,16.940291484197,21.2415000597636,0.465416689713796,397,47,25,17.5798160643558,122,86,114,99
"245",45.65,34.75,"245",10.670302088062,10.5280624727408,30.6139550812428,846.001979357003,26.3684997558594,-8.02124977111816,34.3897495269775,18.7928334871928,16.940291484197,21.2415000597636,0.465416689713796,397,47,25,17.5798160643558,122,86,114,99
"246",45.775,34.75,"246",10.7312709242105,8.6005000770092,25.8069837868429,886.130646772822,26.1695003509521,-7.15675020217896,33.3262505531311,19.3709583282471,17.0809586842855,21.8140002886454,0.0722082257270813,380,45,24,17.0358440970072,114,82,106,95
"247",45.9,34.75,"247",10.6206876039505,6.94324998060862,21.6028069625413,920.905397541413,25.7754993438721,-6.36499977111816,32.1404991149902,19.7595416704814,16.9892503420512,22.0484584172567,-0.547541618347168,371,42,25,14.4791492366913,108,82,101,93
"251",44.775,34.875,"251",11.8013020927707,7.56510421137015,26.1994955369665,782.759612868641,26.5562496185303,-2.31874990463257,28.8749995231628,4.48333334922791,5.68958329161008,21.8020833333333,2.77083337306976,515,60,34,16.6892725808639,150,113,136,146
"252",44.9,34.875,"252",10.2545033966502,7.7210016498963,26.7401017683639,781.659897620651,24.4229793548584,-4.45126247406006,28.8742418289185,2.90063141783079,4.27247480551402,20.1071966489156,1.13884686430295,559,65,39,15.5588480675248,162,126,145,157
"253",45.025,34.875,"253",10.854145852228,9.14358320335547,29.1150562647109,812.642192550294,26.0044994354248,-5.40049982070923,31.404999256134,3.12283334136009,4.7355833252271,21.1239167849223,1.36083337664604,508,55,35,14.3047594557784,140,113,138,136
"254",45.15,34.875,"254",10.854145852228,9.14358320335547,29.1150562647109,812.642192550294,26.0044994354248,-5.40049982070923,31.404999256134,3.12283334136009,4.7355833252271,21.1239167849223,1.36083337664604,508,55,35,14.3047594557784,140,113,138,136
"255",45.275,34.875,"255",11.1283437212308,10.8083543380102,32.6899326621945,805.518596178723,26.9015007019043,-6.16174983978271,33.063250541687,21.3219582239787,5.02012515068054,21.3219582239787,1.70837513605754,446,48,30,14.6022819831278,127,97,127,114
"256",45.4,34.875,"256",11.1991980920235,9.84243765473366,29.6182405865629,841.334446167189,26.7455005645752,-6.4854998588562,33.2310004234314,19.3312505086263,12.0970001618067,21.7743752797445,1.25525003671646,414,47,27,15.2642884925237,120,91,119,104
"257",45.525,34.875,"257",11.0049791038036,9.34895863135656,27.9290146722745,866.471685281329,26.5472507476807,-6.92675018310547,33.4740009307861,19.4923750559489,11.8959164222082,21.8367916742961,0.640083312988281,391,45,25,15.7286009367429,115,86,112,97
"258",45.65,34.875,"258",11.0049791038036,9.34895863135656,27.9290146722745,866.471685281329,26.5472507476807,-6.92675018310547,33.4740009307861,19.4923750559489,11.8959164222082,21.8367916742961,0.640083312988281,391,45,25,15.7286009367429,115,86,112,97
"259",45.775,34.875,"259",10.8560076927145,6.93619168301423,21.642961155322,906.242522002653,25.9244194030762,-6.12383699417114,32.0482563972473,19.7545056343079,17.2676356633504,22.1169573465983,-0.0947190225124359,373,43,25,15.5252714788928,109,82,103,93
"260",45.9,34.875,"260",10.637564972043,6.7733071744442,21.2054138244924,913.120032922495,25.7453117370605,-6.19609355926514,31.9414052963257,19.6777338981628,17.0139322280884,21.9928379058838,-0.438932279745738,362,41,24,14.6609558144372,104,80,99,91
"264",44.775,35,"264",11.9089285582304,7.41738079984983,26.1333120584237,768.057541726688,26.3628578186035,-2.01999998092651,28.38285779953,4.83142856756846,10.0185713569323,21.7561906178792,3.0476190050443,500,58,33,16.6429755862236,144,110,133,121
"265",44.9,35,"265",10.6896883541097,7.57995122795304,26.2096815888386,786.730360002467,24.9453582763672,-3.97506642341614,28.9204246997833,3.27661370982726,4.65870900948842,20.6222368876139,1.53943415234486,533,60,37,14.3759394779587,150,121,140,146
"266",45.025,35,"266",10.763989555339,8.86497929195563,28.1660395831554,822.259589677185,25.8369998931885,-5.63700008392334,31.4739999771118,21.1347498893738,4.61649988094966,21.1347498893738,1.14104168613752,500,53,35,13.4204767964175,136,112,136,131
"267",45.15,35,"267",10.763989555339,8.86497929195563,28.1660395831554,822.259589677185,25.8369998931885,-5.63700008392334,31.4739999771118,21.1347498893738,4.61649988094966,21.1347498893738,1.14104168613752,500,53,35,13.4204767964175,136,112,136,131
"268",45.275,35,"268",11.2566770911217,10.1112707853317,30.619800567939,826.756192534798,26.9497509002686,-6.07224988937378,33.0220007896423,21.6626669565837,5.14237483342489,21.6626669565837,1.52312501271566,438,46,30,13.8096730847284,124,97,124,111
"269",45.4,35,"269",11.4502709334095,7.13333343962828,23.5266309458772,839.911446113869,26.0202503204346,-4.30000019073486,30.3202505111694,22.1199587186178,5.19170828660329,22.1199587186178,1.62245822946231,412,45,27,13.8825316007823,115,94,115,102
"270",45.525,35,"270",11.0515587913493,7.24915508677562,23.1331052287141,868.388886863423,25.9080429077148,-5.42867136001587,31.3367142677307,19.4871794382731,11.9604312181473,21.9168996810913,0.63420744240284,390,44,25,15.1409131447092,111,87,110,97
"271",45.65,35,"271",11.0515587913493,7.24915508677562,23.1331052287141,868.388886863423,25.9080429077148,-5.42867136001587,31.3367142677307,19.4871794382731,11.9604312181473,21.9168996810913,0.63420744240284,390,44,25,15.1409131447092,111,87,110,97
"272",45.775,35,"272",10.9511574159066,6.32268531123797,20.1537695416558,905.604539822621,25.75,-5.62222194671631,31.3722219467163,19.8046294848124,17.4240741729736,22.1611111958822,-0.0157406429449717,373,42,24,15.0633065113316,107,83,104,93
"277",44.775,35.125,"277",11.9089285582304,7.41738079984983,26.1333120584237,768.057541726688,26.3628578186035,-2.01999998092651,28.38285779953,4.83142856756846,10.0185713569323,21.7561906178792,3.0476190050443,500,58,33,16.6429755862236,144,110,133,121
"278",44.9,35.125,"278",10.6896883541097,7.57995122795304,26.2096815888386,786.730360002467,24.9453582763672,-3.97506642341614,28.9204246997833,3.27661370982726,4.65870900948842,20.6222368876139,1.53943415234486,533,60,37,14.3759394779587,150,121,140,146
"279",45.025,35.125,"279",10.763989555339,8.86497929195563,28.1660395831554,822.259589677185,25.8369998931885,-5.63700008392334,31.4739999771118,21.1347498893738,4.61649988094966,21.1347498893738,1.14104168613752,500,53,35,13.4204767964175,136,112,136,131
"280",45.15,35.125,"280",10.763989555339,8.86497929195563,28.1660395831554,822.259589677185,25.8369998931885,-5.63700008392334,31.4739999771118,21.1347498893738,4.61649988094966,21.1347498893738,1.14104168613752,500,53,35,13.4204767964175,136,112,136,131
"281",45.275,35.125,"281",11.2566770911217,10.1112707853317,30.619800567939,826.756192534798,26.9497509002686,-6.07224988937378,33.0220007896423,21.6626669565837,5.14237483342489,21.6626669565837,1.52312501271566,438,46,30,13.8096730847284,124,97,124,111
"282",45.4,35.125,"282",11.4502709334095,7.13333343962828,23.5266309458772,839.911446113869,26.0202503204346,-4.30000019073486,30.3202505111694,22.1199587186178,5.19170828660329,22.1199587186178,1.62245822946231,412,45,27,13.8825316007823,115,94,115,102
"283",45.525,35.125,"283",11.0515587913493,7.24915508677562,23.1331052287141,868.388886863423,25.9080429077148,-5.42867136001587,31.3367142677307,19.4871794382731,11.9604312181473,21.9168996810913,0.63420744240284,390,44,25,15.1409131447092,111,87,110,97
"284",45.65,35.125,"284",11.0515587913493,7.24915508677562,23.1331052287141,868.388886863423,25.9080429077148,-5.42867136001587,31.3367142677307,19.4871794382731,11.9604312181473,21.9168996810913,0.63420744240284,390,44,25,15.1409131447092,111,87,110,97
"285",45.775,35.125,"285",10.9511574159066,6.32268531123797,20.1537695416558,905.604539822621,25.75,-5.62222194671631,31.3722219467163,19.8046294848124,17.4240741729736,22.1611111958822,-0.0157406429449717,373,42,24,15.0633065113316,107,83,104,93
"291",44.9,35.25,"291",11.7089764247648,7.79334450357904,26.1345053758468,811.359313389581,26.5771808624268,-3.2429530620575,29.8201339244843,21.998545328776,5.47237130813301,21.998545328776,2.30704698959986,490,53,33,15.1813218193288,133,112,133,128
"292",45.025,35.25,"292",11.398479099075,8.91829165816307,28.4579395320564,826.74223053685,26.755500793457,-4.58300018310547,31.3385009765625,21.8497498830159,5.12908323605855,21.8497498830159,1.74195832014084,474,50,32,14.9451802484555,132,107,132,119
"293",45.15,35.25,"293",11.398479099075,8.91829165816307,28.4579395320564,826.74223053685,26.755500793457,-4.58300018310547,31.3385009765625,21.8497498830159,5.12908323605855,21.8497498830159,1.74195832014084,474,50,32,14.9451802484555,132,107,132,119
"294",45.275,35.25,"294",11.4662812389433,8.89497927079598,27.8488084079441,841.518026048007,26.8700008392334,-5.07025003433228,31.9402508735657,22.0661667188009,5.25454165538152,22.0661667188009,1.55429164071878,431,45,29,14.4936910698485,122,96,122,107
"295",45.4,35.25,"295",11.8139681102087,5.62737693761786,20.6410112572188,806.068969963745,25.484899520874,-1.77818787097931,27.2630873918533,22.2543627421061,5.35022373249133,22.2543627421061,2.45598438630501,412,43,28,13.5103730137326,114,93,114,95
"296",45.525,35.25,"296",11.2787280604243,5.9355263064305,19.939002077953,869.813139624019,25.6736850738525,-4.09473705291748,29.76842212677,22.1798248291016,4.74912292758624,22.1798248291016,0.912280698617299,393,42,25,13.7894306465425,109,89,109,99
"297",45.65,35.25,"297",11.2787280604243,5.9355263064305,19.939002077953,869.813139624019,25.6736850738525,-4.09473705291748,29.76842212677,22.1798248291016,4.74912292758624,22.1798248291016,0.912280698617299,393,42,25,13.7894306465425,109,89,109,99
"304",44.9,35.375,"304",11.9063595967988,7.53201746195555,25.3154663659525,815.257593997412,26.7052631378174,-3.04736852645874,29.7526316642761,22.2947368621826,5.70789465804895,22.2947368621826,2.41140345732371,463,52,31,16.9113409441963,128,105,128,118
"305",45.025,35.375,"305",11.6855363436043,8.0730523293217,26.7109511187722,818.176452373165,26.7203063964844,-3.50344824790955,30.2237546443939,22.0859513282776,2.32017871240775,22.0859513282776,2.19897829492887,455,50,31,15.3964556109668,127,103,127,112
"306",45.15,35.375,"306",11.6855363436043,8.0730523293217,26.7109511187722,818.176452373165,26.7203063964844,-3.50344824790955,30.2237546443939,22.0859513282776,2.32017871240775,22.0859513282776,2.19897829492887,455,50,31,15.3964556109668,127,103,127,112
"307",45.275,35.375,"307",11.5416668378748,7.64519927433382,24.896978403379,847.118816846303,26.5402183532715,-4.16711950302124,30.7073378562927,22.2131797472636,5.23826991518338,22.2131797472636,1.56648546395202,425,45,29,14.5520486000775,119,95,119,105
"308",45.4,35.375,"308",11.8229936460654,5.48055535554886,20.0998370698955,809.987618816537,25.4888877868652,-1.77777779102325,27.2666655778885,22.2697525024414,5.36172829071681,22.2697525024414,2.40679001808167,407,41,28,13.6237877439356,113,91,113,95
"318",45.025,35.5,"318",11.5710016867767,8.38931004578868,27.2702152473748,831.367382348681,26.7050514221191,-4.05858564376831,30.7636370658875,22.0922559102376,2.0819865167141,22.0922559102376,1.82996636877457,433,48,30,15.4035813078882,122,97,122,107
"319",45.15,35.5,"319",11.5710016867767,8.38931004578868,27.2702152473748,831.367382348681,26.7050514221191,-4.05858564376831,30.7636370658875,22.0922559102376,2.0819865167141,22.0922559102376,1.82996636877457,433,48,30,15.4035813078882,122,97,122,107
"320",45.275,35.5,"320",11.4518449765941,8.25946290045977,26.9550936982639,835.844210278855,26.5,-4.14156627655029,30.6415662765503,22.0235945383708,5.18202811479568,22.0235945383708,1.66837354997794,422,45,28,14.6704151403868,119,95,119,104
"331",45.025,35.625,"331",11.5710016867767,8.38931004578868,27.2702152473748,831.367382348681,26.7050514221191,-4.05858564376831,30.7636370658875,22.0922559102376,2.0819865167141,22.0922559102376,1.82996636877457,433,48,30,15.4035813078882,122,97,122,107
"332",45.15,35.625,"332",11.5710016867767,8.38931004578868,27.2702152473748,831.367382348681,26.7050514221191,-4.05858564376831,30.7636370658875,22.0922559102376,2.0819865167141,22.0922559102376,1.82996636877457,433,48,30,15.4035813078882,122,97,122,107
"333",45.275,35.625,"333",11.4518449765941,8.25946290045977,26.9550936982639,835.844210278855,26.5,-4.14156627655029,30.6415662765503,22.0235945383708,5.18202811479568,22.0235945383708,1.66837354997794,422,45,28,14.6704151403868,119,95,119,104
"344",45.025,35.75,"344",11.4379244695107,8.56512354811033,27.4759654509343,838.530287323609,26.6069450378418,-4.56620359420776,31.1731486320496,22.0031638145447,5.24128094315529,22.0031638145447,1.56882714231809,425,45,29,13.8274055184849,120,95,120,106
"345",45.15,35.75,"345",11.4379244695107,8.56512354811033,27.4759654509343,838.530287323609,26.6069450378418,-4.56620359420776,31.1731486320496,22.0031638145447,5.24128094315529,22.0031638145447,1.56882714231809,425,45,29,13.8274055184849,120,95,120,106
"346",45.275,35.75,"346",11.3074329197407,8.58136504888535,27.6403777190112,838.333457543548,26.444974899292,-4.60150766372681,31.0464825630188,21.8951841990153,5.07692631085714,21.8951841990153,1.49099663893382,413,44,28,14.8657407654587,119,91,119,101
"347",45.4,35.75,"347",11.3089448784788,7.34740055104097,23.8353177779501,864.573697176684,26.3348617553711,-4.49082565307617,30.8256874084473,22.1629969278971,5.01743118961652,22.1629969278971,1.06314982970556,394,41,27,14.7962274012163,112,85,112,98
"357",45.025,35.875,"357",11.5022259354591,8.78965747356415,28.186829314092,827.532193285263,26.8013706207275,-4.38219165802002,31.1835622787476,21.9564380645752,5.36150674025218,21.9564380645752,1.80310503641764,415,43,29,13.7915052593306,118,92,118,103
"358",45.15,35.875,"358",11.5022259354591,8.78965747356415,28.186829314092,827.532193285263,26.8013706207275,-4.38219165802002,31.1835622787476,21.9564380645752,5.36150674025218,21.9564380645752,1.80310503641764,415,43,29,13.7915052593306,118,92,118,103
"359",45.275,35.875,"359",11.2246354818344,8.88102102279663,28.2817046747473,838.436204821653,26.492000579834,-4.90999984741211,31.4020004272461,21.8266251881917,1.71870839595795,21.8266251881917,1.41520837942759,409,42,29,13.5044844881028,117,91,117,100
"360",45.4,35.875,"360",11.350971305122,7.37883447855711,23.9844866096615,861.627249176736,26.3349685668945,-4.43006134033203,30.7650299072266,22.1755619049072,5.03875256578128,22.1755619049072,1.16768916944663,393,40,27,14.1324326135844,111,86,111,97
"370",45.025,36,"370",11.5607245632758,8.22763485337297,26.9433692447136,822.555047321277,26.6690731048584,-3.8676974773407,30.5367705821991,22,5.42542958259583,22,1.94679266959429,403,42,29,12.6617069085169,115,90,115,98
"371",45.15,36,"371",11.5607245632758,8.22763485337297,26.9433692447136,822.555047321277,26.6690731048584,-3.8676974773407,30.5367705821991,22,5.42542958259583,22,1.94679266959429,403,42,29,12.6617069085169,115,90,115,98
"372",45.275,36,"372",11.0880002255241,8.73795857528845,27.8949649183577,839.606338763682,26.2550010681152,-5.06949996948242,31.3245010375977,21.7017920811971,4.85020830233892,21.7017920811971,1.26491662859917,402,43,28,13.9009609371383,116,89,116,99
"373",45.4,36,"373",11.1281584153573,8.04353132843971,25.9549034549894,850.999296518869,26.1739730834961,-4.8164381980896,30.9904112815857,21.8773215611776,4.8298326532046,21.8773215611776,1.14520561695099,397,41,28,14.4527151020631,114,86,114,98
"383",45.025,36.125,"383",11.5607245632758,8.22763485337297,26.9433692447136,822.555047321277,26.6690731048584,-3.8676974773407,30.5367705821991,22,5.42542958259583,22,1.94679266959429,403,42,29,12.6617069085169,115,90,115,98
"384",45.15,36.125,"384",11.5607245632758,8.22763485337297,26.9433692447136,822.555047321277,26.6690731048584,-3.8676974773407,30.5367705821991,22,5.42542958259583,22,1.94679266959429,403,42,29,12.6617069085169,115,90,115,98
"385",45.275,36.125,"385",11.0880002255241,8.73795857528845,27.8949649183577,839.606338763682,26.2550010681152,-5.06949996948242,31.3245010375977,21.7017920811971,4.85020830233892,21.7017920811971,1.26491662859917,402,43,28,13.9009609371383,116,89,116,99
"386",45.4,36.125,"386",11.1281584153573,8.04353132843971,25.9549034549894,850.999296518869,26.1739730834961,-4.8164381980896,30.9904112815857,21.8773215611776,4.8298326532046,21.8773215611776,1.14520561695099,397,41,28,14.4527151020631,114,86,114,98
"396",45.025,36.25,"396",11.478952665658,8.24803086215009,26.8944515657455,826.804852719816,26.5287666320801,-4.1393837928772,30.6681504249573,21.9447490374247,5.30017118652662,21.9447490374247,1.82688354266187,386,41,28,12.1852820632986,109,86,109,95
"397",45.15,36.25,"397",11.478952665658,8.24803086215009,26.8944515657455,826.804852719816,26.5287666320801,-4.1393837928772,30.6681504249573,21.9447490374247,5.30017118652662,21.9447490374247,1.82688354266187,386,41,28,12.1852820632986,109,86,109,95
"398",45.275,36.25,"398",11.1384061997135,8.6603959351778,27.5815379611921,843.481894219601,26.3479995727539,-5.05124998092651,31.3992495536804,21.7934997876485,4.91995837291082,21.7934997876485,1.26437496145566,396,43,28,14.3540807823204,115,86,115,96
"399",45.4,36.25,"399",10.9605023811261,7.95556363463402,25.7427298812218,851.360928866783,26.0170593261719,-4.8870587348938,30.9041180610657,21.7294114430745,4.63573523362478,21.7294114430745,0.984411736329397,404,43,28,15.7677382885738,118,86,118,99
"409",45.025,36.375,"409",11.5296394899487,7.60762395958106,25.5715398934487,814.63919288157,26.1695041656494,-3.58085107803345,29.7503552436829,21.887707233429,9.94420798619588,21.887707233429,2.09302599231402,381,40,27,12.1528670400931,106,84,106,95
"410",45.15,36.375,"410",11.5296394899487,7.60762395958106,25.5715398934487,814.63919288157,26.1695041656494,-3.58085107803345,29.7503552436829,21.887707233429,9.94420798619588,21.887707233429,2.09302599231402,381,40,27,12.1528670400931,106,84,106,95
"411",45.275,36.375,"411",11.3012735560963,7.38580772967543,24.5896517855753,837.316087000875,26.0703048706055,-3.96593880653381,30.0362436771393,21.9323867162069,5.05713247259458,21.9323867162069,1.53078609324681,401,43,28,14.7874666843475,115,86,115,99
"412",45.4,36.375,"412",11.0759548234443,7.64224547396104,25.1237562886332,844.881294091689,25.997917175293,-4.42048597335815,30.4184031486511,21.7815391222636,4.78912045558294,21.7815391222636,1.19079861541589,417,44,28,16.7460915939749,120,89,120,104
"422",45.025,36.5,"422",11.4303921434718,7.59803907604267,24.9645667176746,838.855187206364,26.3117637634277,-4.1235294342041,30.4352931976318,3.188235287865,10.1607842687517,21.9833331108093,1.4941176623106,410,43,30,13.3284862544231,118,90,108,109
"423",45.15,36.5,"423",11.4303921434718,7.59803907604267,24.9645667176746,838.855187206364,26.3117637634277,-4.1235294342041,30.4352931976318,3.188235287865,10.1607842687517,21.9833331108093,1.4941176623106,410,43,30,13.3284862544231,118,90,108,109
"424",45.275,36.5,"424",11.4964538762967,7.17695038517316,24.1043788618312,832.113141079787,26.1617012023926,-3.61276602745056,29.7744672298431,3.43758858491977,5.39078021794558,22.0262409845988,1.72092196593682,411,43,30,14.1650415973658,117,90,111,107
"425",45.4,36.5,"425",11.2030536023279,6.86284230401119,23.2110588467079,841.549633426436,25.7376708984375,-3.82945203781128,29.5671229362488,3.17077625294526,4.90867581963539,21.8521687189738,1.35205487906933,418,45,29,15.9131325947106,118,89,117,107
